Event Name,Event Date,Event Type,Country,Region,US State,City,Event Format
Cybersecurity Fundamentals tra...,2026-11-09,Training,Netherlands Antilles,APAC,,Close to Amsterdam,Physical
Certified Cost Technician (CCT...,2026-10-26,Training,Netherlands,APAC,,Amsterdam,Physical
Identity Management & Access C...,2026-09-23,Training,Netherlands,EMEA,,Amsterdam,Physical
ISO 31000 Risk Management,2026-09-09,Training,Netherlands,EMEA,,Amsterdam,Physical
World Conference on Cyber Secu...,2026-07-31,Conference,Canada,Online,,Ottawa,Physical
Global Summit on Nursing & Hea...,2026-06-15,Conference,United States,North America,Georgia,"Atlanta, USA",Hybrid (Both)
ISO 31000 Risk Management,2026-06-10,Training,Netherlands,EMEA,,Amsterdam,Physical
SecretCon 4 2026,2026-06-04,Conference,United States,North America,Minnesota,St Paul,Physical
SINCON 2026,2026-05-21,Conference,Singapore,APAC,,Singapore,Physical
SWISS GRC DAY 2026,2026-05-20,Conference,Switzerland,EMEA,,Zurich,Physical
Red Hot Cyber Conference 2026,2026-05-18,Conference,Italy,EMEA,,Rome,Physical
TechEx North America 2026,2026-05-18,Conference,United States,North America,California,Los Angeles,Physical
RightsCon 2026,2026-05-05,Conference,Zambia,Africa,,Lusaka,Hybrid (both)
IAM Tech Day Brazil 2026,2026-04-22,Conference,Brazil,LATAM,,São Paulo,Physical
Certified Cost Technician (CCT...,2026-04-13,Training,Netherlands,APAC,,Amsterdam,Physical
Women In Technology 2026,2026-04-09,Conference,United States,North America,North Carolina,Boone,Physical
Cyber Leaders' Summit 2026,2026-04-07,Conference,United Kingdom,EMEA,,London,Physical
CypherCon 9 2026,2026-04-01,Conference,United States,North America,Wisconsin,Milwaukee,Physical
Gen AI Conference NYC 2026,2026-03-23,Conference,United States,North America,New York,New York City,Physical
Identity Management & Access C...,2026-03-16,Training,Netherlands,EMEA,,Amsterdam,Physical
ISO 31000 Risk Management,2026-03-11,Training,Netherlands,EMEA,,Amsterdam,Physical
International Conference on Cy...,2026-03-05,Conference,United States,North America,North Carolina,Wilmington,Hybrid (both)
Zero Trust World 2026,2026-03-04,Conference,United States,North America,Florida,Orlando,Physical
Apres-Cyber Slopes Summit 2026,2026-02-25,Conference,United States,North America,Utah,Park City,Physical
Cloud Security USA Conference ...,2026-02-24,Conference,United States,North America,New York,New York City,Physical
Cloud Security USA Conference ...,2026-02-24,Conference,United States,North America,New York,New York City,Physical
COSAC APAC 2026,2026-02-24,Conference,Australia,APAC,,Melbourne,Physical
Cloud USA 2025,2026-02-24,Conference,United States,North America,New York,New York CIty,Physical
Fintech Week Dubai 2025,2026-02-17,Conference,United Kingdom,EMEA,,London,Physical
2nd Fintech Week: Dubai 2026,2026-02-17,Conference,United Arab Emirates,EMEA,,Dubai,Physical
Cybersecurity Fundamentals tra...,2026-02-10,Training,Netherlands,APAC,,Close to Amsterdam,Physical
Wild West Hackin' Fest @ Mile ...,2026-02-10,Conference,United States,North America,Colorado,Denver,Hybrid (both)
TechEx Global 2026,2026-02-04,Conference,United Kingdom,EMEA,,London,Physical
Cybersec Asia x Thailand Inter...,2026-02-04,Conference,Thailand,,,Bangkok,Physical
CISO Forum Canada 2026,2026-02-04,Conference,Canada,North America,,Toronto,Physical
SANS Rockville 2026,2026-02-02,Training,United States,North America,Maryland,Rockville,Hybrid (Both)
SANS Nashville Winter 2026,2026-01-12,Training,United States,North America,Tennessee,Nashville,Hybrid (Both)
Chaos Communication Congress -...,2025-12-27,Conference,Germany,EMEA,,Hamburg,Hybrid (both)
CyberRisk CISO Dinner: Portlan...,2025-12-17,Conference,United States,North America,Oregon,Portland,Physical
QCon AI 2025 | December 16-17,2025-12-16,Conference,United States,North America,New York,New York,Physical
SANS Cyber Defense Initiative ...,2025-12-12,Training,United States,North America,District of Columbia,Washington,Hybrid (both)
Defenders Tour: Technical SecO...,2025-12-11,Training,United States,North America,Virginia,Arlington,Physical
INTERFACE Seattle 2025,2025-12-11,Conference,United States,North America,Washington,Seattle,Physical
FutureCon CyberSecurity Confer...,2025-12-10,Conference,United States,North America,Tennessee,Nashville,Physical
CyberRisk CISO Dinner: Charlot...,2025-12-10,Conference,United States,North America,North Carolina,Charlotte,Physical
#RISK Dubai 2025,2025-12-10,Conference,United Arab Emirates,EMEA,,Dubai,Physical
CyberRisk Leadership Exchange:...,2025-12-09,Conference,United States,North America,California,San Francisco,Physical
CyberRisk CISO Dinner: Denver ...,2025-12-09,Conference,United States,North America,Colorado,Denver,Physical
CyberRisk CISO Dinner: Atlanta...,2025-12-09,Conference,United States,North America,Georgia,Atlanta,Physical
IMF Academy: CISSP Certificati...,2025-12-09,Training,Netherlands,EMEA,,Amsterdam,Hybrid (both)
CIO Strategy Meeting: Denver,2025-12-09,Conference,United States,North America,Colorado,Denver,Physical
CIOMeet 2025: Detroit,2025-12-09,Conference,United States,North America,Michigan,Detroit,Physical
AccelerateGOV 2025,2025-12-09,Conference,Canada,North America,,Ottawa,Physical
IT-Tage 2025,2025-12-08,Conference,Germany,EMEA,,Frankfurt am Main,Physical
IMF Academy: Cost Estimating F...,2025-12-08,Training,Netherlands,EMEA,,Hague,Hybrid (both)
Gartner Identity & Access Mana...,2025-12-08,Conference,United States,North America,Texas,Grapevine,Physical
Open Source Summit Japan 2025,2025-12-08,Conference,Japan,APAC,,Tokyo,Physical
AI_dev: Open Source GenAI & ML...,2025-12-08,Conference,Japan,APAC,,Tokyo,Physical
BSIDES Cape Town 2025,2025-12-06,Conference,South Africa,Africa,,Cape Town,Physical
FutureCon CyberSecurity Confer...,2025-12-04,Conference,United States,North America,Texas,Austin,Physical
ERTL-YANG Leader Summit Decemb...,2025-12-04,Conference,United Arab Emirates,EMEA,,Dubai,Physical
Data Connectors Cybersecurity ...,2025-12-04,Conference,United States,North America,Georgia,Atlanta,Physical
Conf42: DevSecOps 2025,2025-12-04,Conference,United Kingdom,EMEA,,London,Online
CyberRisk CISO Dinner: Phoenix...,2025-12-04,Conference,United States,North America,Arizona,Phoenix,Physical
CyberRisk CISO Dinner: Washing...,2025-12-04,Conference,United States,North America,District of Columbia,Washington,Physical
CyberRisk CISO Dinner: Los Ang...,2025-12-04,Conference,United States,North America,California,Phoenix,Physical
CIOMeet 2025: Houston,2025-12-04,Conference,United States,North America,Texas,Houston,Physical
SecureWorld: East Virtual Conf...,2025-12-04,Conference,United States,North America,Oregon,Portland,Online
CIO NetworX: Washington DC 202...,2025-12-04,Conference,United States,North America,District of Columbia,Washington,Physical
The Official Cybersecurity Sum...,2025-12-04,Conference,United States,North America,Florida,Jacksonville,Physical
IDC CIO Summit: France 2025,2025-12-03,Conference,France,EMEA,,Paris,Physical
AVAR 2025: 28th Annual Cyber S...,2025-12-03,Conference,Malaysia,APAC,,Kuala Lumpur,Physical
Operation: Defend The North 20...,2025-12-03,Conference,Canada,North America,,Toronto,Hybrid (both)
CyberRisk Leadership Exchange:...,2025-12-02,Conference,United States,North America,Massachusetts,Boston,Physical
Oh My Hack 2025,2025-12-02,Conference,Poland,EMEA,,Warsaw,Physical
Heliview State of Cybersecurit...,2025-12-02,Conference,Sweden,EMEA,,Stockholm,Physical
PasswordsCon 2025,2025-12-01,Conference,Czech Republic,EMEA,,Prague,Hybrid (both)
AWS re:invent 2025,2025-12-01,Conference,United States,North America,Nevada,Las Vegas,Physical
IT Security Summit Munich,2025-12-01,Conference,Germany,EMEA,,Munich,Hybrid (both)
SANS Dallas 2025,2025-12-01,Training,United States,North America,Texas,Dallas,Hybrid (both)
ERTL-YANG Leader Summit 2025: ...,2025-11-27,Conference,Switzerland,EMEA,,Zurich,Physical
Next IT Security DACH: Novembe...,2025-11-27,Conference,Germany,EMEA,,Frankfurt,Physical
CISO Middle East Summit 2025,2025-11-27,Conference,Qatar,EMEA,,Doha,Physical
Next IT Security DACH: Novembe...,2025-11-27,Conference,Germany,EMEA,,Frankfurt,Physical
Heliview Cyber Security Experi...,2025-11-27,Conference,Netherlands,EMEA,,Bussum,Physical
IDC Digital Enterprise Summit:...,2025-11-25,Conference,Netherlands,EMEA,,Nieuwegein,Physical
CISSP certification training,2025-11-24,Training,Netherlands,EMEA,,Amsterdam,Hybrid (both)
Certified Cost Technician (CCT...,2025-11-24,Training,Netherlands,APAC,,Amsterdam,Physical
MLcon Berlin 2025,2025-11-24,Conference,Germany,EMEA,,Berlin,Hybrid (both)
Certified Data Management Prof...,2025-11-24,Training,Netherlands,EMEA,,Amsterdam,Hybrid (both)
FutureCon CyberSecurity Confer...,2025-11-20,Conference,United States,North America,Massachusetts,Boston,Physical
ERTL-YANG Leader Summit 2025: ...,2025-11-20,Conference,Germany,EMEA,,Munich,Physical
Conf42: Robotics 2025,2025-11-20,Conference,United Kingdom,EMEA,,London,Online
CyberRisk CISO Dinner: Houston...,2025-11-20,Conference,United States,North America,Texas,Houston,Physical
CyberRisk Leadership Exchange:...,2025-11-20,Conference,United States,North America,Michigan,Detroit,Physical
IDC Digital Enterprise Summit:...,2025-11-20,Conference,Denmark,EMEA,,Copenhagen,Physical
Generative AI Summit: Toronto ...,2025-11-20,Conference,Canada,North America,,Toronto,Physical
Transform Finance: FinCrime Le...,2025-11-20,Conference,United States,North America,New York,New York City,Physical
BSides Amsterdam 2025,2025-11-20,Conference,Netherlands,EMEA,,Amsterdam,Physical
IDC Security Summit: India 202...,2025-11-20,Conference,India,APAC,,New Delhi,Physical
The Official Cybersecurity Sum...,2025-11-20,Conference,United States,North America,California,Los Angeles,Physical
CIO Institute: London November...,2025-11-20,Conference,United Kingdom,EMEA,,London,Physical
Red Hat Summit: Connect Montre...,2025-11-19,Conference,Cambodia,APAC,,Montreal,Physical
Executive Partners Network: In...,2025-11-19,Conference,Germany,EMEA,,Düsseldorf,Physical
Executive Partners Network: Cy...,2025-11-19,Conference,Germany,EMEA,,Düsseldorf,Physical
The Official Cybersecurity Sum...,2025-11-19,Conference,United States,North America,New York,New York City,Online
SuriCon 2025,2025-11-19,Conference,Canada,North America,,Montreal,Hybrid (both)
ERTL-YANG Leader Summit 2025: ...,2025-11-18,Conference,Netherlands,EMEA,,Amsterdam,Physical
CyberRisk Leadership Exchange:...,2025-11-18,Conference,United States,North America,Illinois,Chicago,Physical
CyberRisk CISO Dinner: Salt La...,2025-11-18,Conference,United States,North America,Utah,Salt Lake,Physical
CIO Strategy Meeting: Calgary,2025-11-18,Conference,Canada,North America,,Calgary,Physical
Red Hat Summit: Connect Darmst...,2025-11-18,Conference,Germany,EMEA,,Darmstadt,Physical
Red Hat Summit: Connect Atlant...,2025-11-18,Conference,United States,North America,Georgia,Atlanta,Physical
IDC Digital Enterprise Summit:...,2025-11-18,Conference,Sweden,EMEA,,Stockholm,Physical
Transformational CISO Assembly...,2025-11-18,Conference,United States,North America,Georgia,Atlanta,Physical
Automotive Cyber Security Conn...,2025-11-18,Conference,Germany,EMEA,,Berlin,Physical
Aspen Cyber Summit 2025,2025-11-18,Conference,United States,North America,District of Columbia,Washington,Hybrid (both)
Executive Partners Network: In...,2025-11-18,Conference,United Kingdom,EMEA,,London,Online
The Official Cybersecurity Sum...,2025-11-18,Conference,United States,North America,New York,New York City,Physical
Executive Partners Network: Cy...,2025-11-18,Conference,United Kingdom,EMEA,,London,Online
AiSecCon 2025,2025-11-18,Conference,Canada,North America,,Toronto,Hybrid (both)
Healthcare Innovation Summit: ...,2025-11-17,Conference,United States,North America,Washington,Seattle,Physical
IT Security Conference NYC 202...,2025-11-17,Conference,United States,North America,New York,New York City,Physical
AI By The Bay 2025,2025-11-17,Conference,United States,North America,California,Oakland,Physical
QCon San Francisco Internation...,2025-11-17,Conference,United States,North America,California,San Francisco,Physical
The Network Group: Information...,2025-11-17,Conference,Denmark,EMEA,,Copenhagen,Physical
Gartner IT Symposium/Xpo: Koch...,2025-11-17,Conference,India,APAC,,Kochi,Physical
SANS San Francisco Fall 2025,2025-11-17,Training,United States,North America,California,San Francisco,Hybrid (both)
BSides Munich Conference 2025,2025-11-17,Conference,Germany,EMEA,,Munich,Physical
SANS DFIRCON Miami 2025,2025-11-16,Training,United States,North America,Florida,Coral Gables,Hybrid (both)
BSides Red Rocks 2025,2025-11-14,Conference,United States,North America,Utah,Saint George,Physical
The Human Behavior Conference ...,2025-11-14,Conference,United States,North America,Florida,Orlando,Physical
FutureCon CyberSecurity Confer...,2025-11-13,Conference,United States,North America,Arizona,Phoenix,Physical
TECHSPO Silicon Valley 2025 Te...,2025-11-13,Conference,United States,North America,California,San Jose,Physical
Netskope SASE Summit: Dubai 20...,2025-11-13,Conference,United Arab Emirates,EMEA,,Dubai,Physical
ERTL-YANG Leader Summit 2025: ...,2025-11-13,Conference,Germany,EMEA,,Stuttgart,Physical
Next IT Security Benelux: Nove...,2025-11-13,Conference,Netherlands,EMEA,,Amsterdam,Physical
AT&T Secure Connections 2025,2025-11-13,Conference,United States,Online,Texas,Dallas,Online
IANS: CISO Roundtable Dallas 2...,2025-11-13,Conference,United States,North America,Texas,Dallas,Physical
CIOMeet 2025: San Jose,2025-11-13,Conference,United States,North America,California,San Jose,Physical
CIO Strategy Meeting: Raleigh,2025-11-13,Conference,United States,North America,North Carolina,Raleigh,Physical
Defenders Tour: Technical SecO...,2025-11-13,Training,Norway,EMEA,,Oslo,Physical
IDC Digital Enterprise Summit:...,2025-11-13,Conference,Norway,EMEA,,Oslo,Physical
BSides Chile 2025,2025-11-13,Conference,Chile,LATAM,,Santiago - Concepcion,Physical
CIO NetworX: Chicago 2025,2025-11-13,Conference,United States,North America,Illinois,Chicago,Physical
Next IT Security Benelux: Nove...,2025-11-13,Conference,Netherlands,EMEA,,Amsterdam,Physical
Heliview State of Cybersecurit...,2025-11-13,Conference,Denmark,EMEA,,Copenhagen,Physical
Mindfluence: CISO/Executive Le...,2025-11-13,Conference,United States,North America,Colorado,Denver,Physical
Red Hat Summit: Connect Rome 2...,2025-11-12,Conference,Italy,EMEA,,Rome,Physical
29th Colloquium: Cybersecurity...,2025-11-12,Conference,United States,North America,Washington,Seattle,Physical
SANS Stay Sharp: Nov 2025,2025-11-12,Training,United States,North America,Maryland,Virtual,Online
Pulse Conferences: CISO 360 Mi...,2025-11-11,Conference,United Arab Emirates,EMEA,,Dubai,Physical
UKsec Cyber Summit 2025,2025-11-11,Conference,United Kingdom,EMEA,,London,Physical
ISO 31000 Risk Management,2025-11-11,Training,Netherlands,EMEA,,Amsterdam,Physical
Netskope SASE Summit: Riyadh 2...,2025-11-11,Conference,Saudi Arabia,EMEA,,Riyadh,Physical
Pulse Conferences: 6th CISO 36...,2025-11-11,Conference,United Arab Emirates,EMEA,,Dubai,Physical
Defenders Tour: Technical SecO...,2025-11-11,Training,United Kingdom,EMEA,,London,Physical
Red Hat Summit: Connect Riyadh...,2025-11-11,Conference,Saudi Arabia,EMEA,,Riyadh,Physical
IDC Digital Enterprise Summit:...,2025-11-11,Conference,Finland,EMEA,,Helsinki,Physical
Corinium: CISO Dallas 2025,2025-11-11,Conference,United States,North America,Texas,Dallas,Physical
Corinium: CISO Dallas 2025,2025-11-11,Conference,United States,North America,Texas,Dallas,Physical
ITSM Conference and Awards 202...,2025-11-10,Conference,United Kingdom,EMEA,,Milton Keynes,Physical
Gartner IT Symposium/Xpo: Barc...,2025-11-10,Conference,Spain,EMEA,,Barcelona,Physical
KubeCon + CloudNativeCon North...,2025-11-10,Conference,United States,North America,Georgia,Atlanta,Physical
CarolinaCon 2025,2025-11-08,Conference,United States,North America,North Carolina,Raleigh,Online
DEATHCon 2025,2025-11-08,Conference,United States,North America,Washington,Seattle,Hybrid (both)
DEATHCon: Online 2025,2025-11-08,Conference,United States,North America,California,Los Angeles,Online
DEATHCon: Tacoma 2025,2025-11-08,Conference,United States,North America,Washington,Tacoma,Physical
DEATHCon: San Diego 2025,2025-11-08,Conference,United States,North America,California,San Diego,Physical
DEATHCon: Austin 2025,2025-11-08,Conference,United States,North America,Texas,Austin,Physical
DEATHCon: Orlando 2025,2025-11-08,Conference,United States,North America,Florida,Orlando,Physical
DEATHCon: Montreal 2025,2025-11-08,Conference,Canada,North America,,Montreal,Physical
DEATHCon: Cordoba 2025,2025-11-08,Conference,Argentina,EMEA,,Cordoba,Physical
DEATHCon: Edinburgh 2025,2025-11-08,Conference,United Kingdom,EMEA,,Edinburgh,Physical
DEATHCon: Amsterdam 2025,2025-11-08,Conference,Netherlands,EMEA,,Amsterdam,Physical
DEATHCon: Oslo 2025,2025-11-08,Conference,Norway,EMEA,,Oslo,Physical
DEATHCon: Bonn 2025,2025-11-08,Conference,Germany,EMEA,,Bonn,Physical
DEATHCon: Kuala Lumpur 2025,2025-11-08,Conference,Malaysia,APAC,,Kuala Lumpur,Physical
Queen City Conference 0x3: Sur...,2025-11-07,Conference,United States,North America,Ohio,Cincinnati,Physical
Queen City Con 2025,2025-11-07,Conference,United States,North America,Ohio,Cincinnati,Physical
Cybersecurity Summit: New York...,2025-11-06,Conference,United States,North America,New York,New York City,Physical
Pulse Conferences: Cyber Excha...,2025-11-06,Conference,United Kingdom,EMEA,,London,Physical
FutureCon CyberSecurity Confer...,2025-11-06,Conference,United States,North America,Georgia,Atlanta,Physical
Data Connectors Cybersecurity ...,2025-11-06,Conference,United States,North America,Texas,Dallas,Physical
Netskope SASE Summit: Dublin 2...,2025-11-06,Conference,Ireland,EMEA,,Dublin,Physical
TechNext AI & Cybersecurity Su...,2025-11-06,Conference,United Arab Emirates,EMEA,,Dubai,Physical
Conf42: Prompt Engineering 202...,2025-11-06,Conference,United Kingdom,EMEA,,London,Online
CyberRisk CISO Dinner: Twin Ci...,2025-11-06,Conference,United States,North America,Minnesota,Minneapolis,Physical
CyberRisk CISO Dinner: Seattle...,2025-11-06,Conference,United States,North America,Washington,Seattle,Physical
CIOMeet 2025: Columbus,2025-11-06,Conference,United States,North America,Ohio,Columbus,Physical
Defenders Tour: Technical SecO...,2025-11-06,Training,United States,North America,Florida,Tampa,Physical
Red Hat Summit: Connect Bogot�...,2025-11-06,Conference,Colombia,EMEA,,Bogotá,Physical
Chief AI Officer Summit: Londo...,2025-11-06,Conference,United Kingdom,EMEA,,London,Physical
Generative AI Summit: London 2...,2025-11-06,Conference,United Kingdom,EMEA,,London,Physical
The Official Cybersecurity Sum...,2025-11-06,Conference,United States,North America,Texas,Houston,Physical
TechNext AI & Cybersecurity Su...,2025-11-06,Conference,United Arab Emirates,EMEA,,Dubai,Physical
INTERFACE Omaha 2025,2025-11-06,Conference,United States,North America,Nebraska,Omaha,Physical
Fintech Revolution Summit Abu ...,2025-11-06,Conference,United Arab Emirates,EMEA,,Abu Dhabi,Physical
Fraud Prevention Summit: New Y...,2025-11-05,Conference,United States,North America,New York,New York City,Physical
Digital Transformation Summit:...,2025-11-05,Conference,Thailand,APAC,,Bangkok,Physical
IRISSCERT Cybercrime Conferenc...,2025-11-05,Conference,Ireland,EMEA,,Dublin,Physical
CyberRisk Leadership Exchange:...,2025-11-05,Conference,United States,North America,New York,New York City,Physical
CyberRisk CISO Dinner: Nashvil...,2025-11-05,Conference,United States,North America,Tennessee,Nashville,Physical
SecureWorld Seattle 2025,2025-11-05,Conference,United States,North America,Washington,Seattle,Physical
Code.Talks 2025,2025-11-05,Conference,Germany,EMEA,,Hamburg,Physical
Red Hat Summit: Connect Paris ...,2025-11-05,Conference,France,EMEA,,Paris,Physical
Red Hat Summit: Connect Scotts...,2025-11-05,Conference,United States,North America,Arizona,Scottsdale,Physical
Red Hat Summit: Connect Toront...,2025-11-05,Conference,Canada,North America,,Toronto,Physical
Cybera Cyber Summit 2025,2025-11-05,Conference,Canada,North America,,Banff,Physical
Open Source Summit Korea 2025,2025-11-05,Conference,South Korea,APAC,,Seoul,Physical
CyberSecFest Belo Horizonte 20...,2025-11-05,Conference,Brazil,LATAM,,Belo Horizonte,Physical
Benelux Cyber Summit 2025,2025-11-04,Conference,Netherlands,EMEA,,Amsterdam,Physical
Cyber Security for Critical As...,2025-11-04,Conference,Brazil,LATAM,,Sao Paulo,Physical
DataTribe Challenge 2025,2025-11-04,Conference,United States,North America,District of Columbia,Washington,Physical
Netskope SASE Summit: London 2...,2025-11-04,Conference,United Kingdom,EMEA,,London,Physical
CyberRisk CISO Dinner: San Ant...,2025-11-04,Conference,United States,North America,Texas,San Antonio,Physical
Red Hat Summit: Connect Mumbai...,2025-11-04,Conference,India,APAC,,Mumbai,Physical
IAM Seminar Brasil 2025,2025-11-04,Conference,Brazil,LATAM,,Rio de Janeiro,Physical
MSSP Alert Live 2025,2025-11-03,Conference,United States,North America,Maryland,National Harbor,Physical
CyberCon 2025,2025-11-03,Conference,Canada,North America,,Whistler,Physical
SANS Houston 2025: Mission Cri...,2025-11-03,Training,United States,North America,Texas,Houston,Hybrid (both)
Fintech Saudi Arabia 2025,2025-11-03,Conference,Saudi Arabia,EMEA,,Riyadh,Physical
BSides Chicago 2025,2025-11-01,Conference,United States,North America,Illinois,Chicago,Physical
Red Hat Summit: Connect Beijin...,2025-10-31,Conference,China,APAC,,Beijing,Physical
Cybersecurity Fundamentals tra...,2025-10-30,Training,Netherlands,APAC,,Close to Amsterdam,Physical
Conf42: JavaScript 2025,2025-10-30,Conference,United Kingdom,EMEA,,London,Online
WICCON 2025,2025-10-30,Conference,Netherlands,EMEA,,Haarlem,Physical
Red Hat Summit: Connect Singap...,2025-10-30,Conference,Singapore,APAC,,Singapore (City),Physical
Red Hat Summit: Connect Sacram...,2025-10-30,Conference,United States,North America,California,Sacramento,Physical
Unchained Summit 2025,2025-10-30,Conference,United Arab Emirates,EMEA,,Dubai,Physical
The Official Cybersecurity Sum...,2025-10-30,Conference,United States,North America,Washington,Bellevue,Physical
CIO NetworX: London October 20...,2025-10-30,Conference,United Kingdom,EMEA,,London,Physical
Heliview Digital Identity & Tr...,2025-10-30,Conference,Belgium,EMEA,,Mechelen,Physical
CIO Institute: New York Octobe...,2025-10-30,Conference,United States,North America,New York,New York City,Physical
Information Security Summit 20...,2025-10-29,Conference,United States,North America,Ohio,Cleveland,Physical
SecureWorld New York City 2025,2025-10-29,Conference,United States,North America,New York,New York City,Physical
Red Hat Summit: Connect Jackso...,2025-10-29,Conference,United States,North America,Florida,Jacksonville,Physical
The Official Cybersecurity Sum...,2025-10-29,Conference,United States,North America,New York,New York City,Online
State of Statecraft,2025-10-28,Conference,Belgium,EMEA,,Brussels,Physical
Seventh Annual Tribal Security...,2025-10-28,Conference,United States,North America,California,Temecula,Physical
CIO Strategy Meeting: Atlanta,2025-10-28,Conference,United States,North America,Georgia,Atlanta,Physical
Red Hat Summit: Connect Seoul ...,2025-10-28,Conference,South Korea,APAC,,Seoul,Physical
Red Hat Summit: Connect Warsaw...,2025-10-28,Conference,Poland,EMEA,,Warsaw,Physical
Seventh Annual Tribal Security...,2025-10-28,Conference,United States,North America,California,Temecula,Physical
Red Hat Summit: Connect Santia...,2025-10-28,Conference,Chile,EMEA,,Santiago,Physical
Swiss Cyberstorm 2025,2025-10-28,Conference,Switzerland,EMEA,,Bern,Physical
ICS Cybersecurity Conference U...,2025-10-27,Conference,United States,North America,Georgia,Atlanta,Physical
Unhacked International Cyber S...,2025-10-27,Conference,Czech Republic,EMEA,,Prague,Company Webinar
Gen AI Conference NYC 2025,2025-10-27,Conference,United States,North America,New York,New York City,Physical
Unhacked International Cyber S...,2025-10-27,Conference,Czech Republic,EMEA,,Prague,Hybrid (both)
SANS Orlando Fall 2025,2025-10-27,Training,United States,North America,Florida,Orlando,Hybrid (both)
Insider Risk Management Progra...,2025-10-27,Training,United States,North America,Texas,El Paso,Physical
CyberWeek Africa 2025,2025-10-27,Conference,Kenya,Africa,,Nairobi,Physical
InfoSec World 2025,2025-10-27,Conference,United States,North America,Florida,Lake Buena Vista,Physical
The Event The Global Icons of ...,2025-10-26,Conference,United Arab Emirates,EMEA,,Dubai,Physical
Kaspersky Security Analyst Sum...,2025-10-26,Conference,Thailand,APAC,,Khao Lak,Physical
IDC Security Summit: Netherlan...,2025-10-25,Conference,Netherlands,EMEA,,Nieuwegein,Physical
SecureWV 16 2025,2025-10-24,Conference,United States,North America,West Virginia,Charleston,Physical
BSides Peoria 2025,2025-10-24,Conference,United States,North America,Illinois,Peoria,Physical
dAGI Summit 2025,2025-10-24,Conference,United States,North America,California,San Francisco,Physical
ResetCon 2025,2025-10-24,Conference,United States,North America,Georgia,Savannah,Physical
FutureCon CyberSecurity Confer...,2025-10-23,Conference,United States,North America,California,San Diego,Physical
Data Connectors Cybersecurity ...,2025-10-23,Conference,United States,North America,Tennessee,Nashville,Physical
Next IT Security Nordics: Octo...,2025-10-23,Conference,Sweden,EMEA,,Stockholm,Physical
cidaas connect 2025,2025-10-23,Conference,Germany,EMEA,,Brühl,Physical
CyberRisk CISO Dinner: Cincinn...,2025-10-23,Conference,United States,North America,Ohio,Cincinnati,Physical
Red Hat Summit: Connect Helsin...,2025-10-23,Conference,Finland,EMEA,,Helsinki,Physical
UserConf London 2025,2025-10-23,Conference,United Kingdom,EMEA,,London,Physical
Red Hat Summit: Connect San Jo...,2025-10-23,Conference,United States,North America,California,San Jose,Physical
Operation: Defend The North 20...,2025-10-23,Conference,Canada,North America,,Vancouver,Hybrid (both)
SecureWorld Atlanta 2025,2025-10-23,Conference,United States,North America,Georgia,Atlanta,Physical
Next IT Security Nordics: Octo...,2025-10-23,Conference,Sweden,EMEA,,Stockholm,Physical
iSMG Cybersecurity Summit: Tor...,2025-10-23,Conference,Canada,North America,,Toronto,Physical
DevSecCon 2025,2025-10-22,Conference,United States,Online,Massachusetts,Boston,Online
Factor Security Day 2025,2025-10-22,Conference,Australia,APAC,,Sydney,Physical
The AI Security Summit 2025,2025-10-22,Conference,United States,North America,California,San Fransisco,Physical
CTRL/ACT,2025-10-22,Webinar,,Online,,,
Red Hat Summit: Connect Mexico...,2025-10-22,Conference,Mexico,LATAM,,Mexico City,Physical
Red Hat Summit: Connect Detroi...,2025-10-22,Conference,United States,North America,Michigan,Detroit,Physical
JuiceIT Canberra 2025,2025-10-22,Conference,Australia,APAC,,Canberra,Physical
Identity Days 2025,2025-10-21,Conference,France,EMEA,,Paris,Physical
IANS: CISO Roundtable Washingt...,2025-10-21,Conference,United States,North America,District of Columbia,Washington,Physical
CyberRisk Leadership Exchange:...,2025-10-21,Conference,United States,North America,Pennsylvania,Philadelphia,Physical
CIOMeet 2025: San Diego,2025-10-21,Conference,United States,North America,California,San Diego,Physical
IMF Academy: CISSP Certificati...,2025-10-21,Training,Netherlands,EMEA,,Amsterdam,Hybrid (both)
SAINTCON 2025,2025-10-21,Conference,United States,,Utah,Provo,Physical
Red Hat Summit: Connect São P...,2025-10-21,Conference,Brazil,LATAM,,São Paulo,Physical
Red Hat Summit: Connect Austin...,2025-10-21,Conference,United States,North America,Texas,Austin,Physical
The Official Cybersecurity Sum...,2025-10-21,Conference,United States,North America,Texas,Dallas/Plano,Physical
CYBERTECH Europe 2025,2025-10-21,Conference,Italy,EMEA,,Rome,Physical
Gartner IT Symposium/Xpo: Orla...,2025-10-20,Conference,United States,North America,Florida,Orlando,Physical
Operation: Defend The North 20...,2025-10-20,Conference,Canada,North America,,Calgary,Hybrid (both)
SANS San Diego Fall 2025,2025-10-20,Training,United States,North America,California,San Diego,Hybrid (both)
Mindfluence: CISO/Executive Le...,2025-10-19,Conference,United States,North America,Texas,Dallas,Physical
NoHat 2025,2025-10-18,Conference,Italy,EMEA,,Bergamo,Hybrid (both)
BSides New York City 2025,2025-10-18,Conference,United States,North America,New York,New York,Physical
BSides Cleveland 2025,2025-10-18,Conference,United States,North America,Ohio,Cleveland,Physical
The Official Cybersecurity Sum...,2025-10-17,Conference,United States,North America,Arizona,Scottsdale,Physical
BSides Cymru 2025,2025-10-17,Conference,United Kingdom,EMEA,,Cardiff,Physical
AI Revolution Summit Philippin...,2025-10-17,Conference,Philippines,APAC,,Pasay City,Physical
Conf42: Kube Native 2025,2025-10-16,Conference,United Kingdom,EMEA,,London,Online
RegionSec Summit 2025,2025-10-16,Conference,United States,North America,Indiana,Hammond,Physical
CIOMeet 2025: Miami,2025-10-16,Conference,United States,North America,Florida,Miami,Physical
Red Hat Summit: Connect Stockh...,2025-10-16,Conference,Sweden,EMEA,,Stockholm,Physical
Red Hat Summit: Connect Buenos...,2025-10-16,Conference,Argentina,EMEA,,Buenos Aires,Physical
Transform Finance: Fraud & Sca...,2025-10-16,Conference,United Kingdom,EMEA,,London,Physical
Hackfest 2025- Ghost in the Sh...,2025-10-16,Conference,Canada,North America,,Quebec City,Physical
The Official Cybersecurity Sum...,2025-10-16,Conference,United States,North America,Massachusetts,Boston,Physical
CIO NetworX: Frankfurt 2025,2025-10-16,Conference,Germany,EMEA,,Frankfurt,Physical
INTERFACE Spokane 2025,2025-10-16,Conference,United States,North America,Washington,Spokane,Physical
European Blockchain Convention...,2025-10-16,Conference,Spain,EMEA,,Barcelona,Physical
Cybersecurity Summit: Southeas...,2025-10-15,Conference,United States,North America,New Jersey,Princeton,Online
Digital Transformation Summit:...,2025-10-15,Conference,Indonesia,APAC,,Jakarta,Physical
CyberRisk CISO Dinner: Dallas ...,2025-10-15,Conference,United States,North America,Texas,Dallas,Physical
InfoQ Dev Summit Munich 2025 |...,2025-10-15,Conference,Germany,EMEA,,Munich,Physical
Red Hat Summit: Connect Utrech...,2025-10-15,Conference,Netherlands,EMEA,,Utrecht,Physical
Chief AI Officer Summit: Bosto...,2025-10-15,Conference,United States,North America,Massachusetts,Boston,Physical
Generative AI Summit: Boston 2...,2025-10-15,Conference,United States,North America,Massachusetts,Boston,Physical
IMA Conference on Mathematics ...,2025-10-15,Conference,United Kingdom,EMEA,,Newcastle upon Tyne,Physical
Secure Dallas Cybersecurity Co...,2025-10-15,Conference,United States,North America,Texas,Dallas,Physical
CyberCon Melbourne 2025 - The ...,2025-10-15,Conference,Australia,APAC,,Melbourne,Physical
IT Security Camp October 2025,2025-10-15,Webinar,,Online,,,
LogicON 2025,2025-10-14,Conference,United States,North America,Ohio,Columbus,Physical
Healthcare Innovation Summit: ...,2025-10-14,Conference,United States,North America,Texas,Houston,Physical
ATT&CKcon 6.0,2025-10-14,Conference,United States,North America,Virginia,McLean,Hybrid (both)
IANS Boston Information Securi...,2025-10-14,Conference,United States,North America,Massachusetts,Boston,Physical
ATT&CKcon 6.0 2025,2025-10-14,Conference,United States,North America,Virginia,"McLean, VA",Hybrid (both)
Red Hat Summit: Connect Montev...,2025-10-14,Conference,Uruguay,LATAM,,Montevideo,Physical
Red Hat Summit: Connect Chicag...,2025-10-14,Conference,United States,North America,Illinois,Chicago,Physical
Corinium: CDAO Fall 2025,2025-10-14,Conference,United States,North America,Massachusetts,Boston,Physical
INCYBER Forum Canada,2025-10-14,Conference,Canada,North America,,Montréal,Physical
Tech Valley Cybersecurity Symp...,2025-10-14,Conference,United States,North America,New York,Schenectady,Physical
Lone Star Cyber Summit 2025,2025-10-14,Conference,United States,North America,Texas,Austin,Physical
Authenticate 2025: The FIDO Al...,2025-10-13,Conference,United States,North America,California,Carlsbad,Hybrid (both)
Platform Summit 2025,2025-10-13,Conference,Sweden,EMEA,,Stockholm,Physical
GITEX Global 2025,2025-10-13,Conference,United Arab Emirates,EMEA,,Dubai,Physical
Corinium: CDAO Perth 2025,2025-10-13,Conference,Australia,APAC,,Perth,Physical
The API Security UnConference,2025-10-13,Training,Sweden,EMEA,,Stockholm,Physical
AMTSO Cyber Research Conferenc...,2025-10-13,Conference,Portugal,EMEA,,Lisbon,Physical
CyberBay 2025,2025-10-13,Conference,United States,North America,Florida,Tampa,Physical
Objective by the Sea (#OBTS) 2...,2025-10-12,Conference,Spain,EMEA,,Ibiza,Physical
CornCon Cybersecurity Conferen...,2025-10-10,Conference,United States,North America,Iowa,Davenport,Physical
Cyber Revolution Summit India ...,2025-10-10,Conference,India,APAC,,New Delhi,Physical
FutureCon CyberSecurity Confer...,2025-10-09,Conference,United States,North America,Ohio,Columbus,Physical
Government Cybersecurity Showc...,2025-10-09,Conference,United States,North America,Maryland,Oxon Hill,Physical
Uniting Women in Cyber 2025,2025-10-09,Conference,United States,North America,Virginia,Arlington,Physical
CIOMeet 2025: Toronto,2025-10-09,Conference,Canada,North America,,Toronto,Physical
SecureWorld Denver 2025,2025-10-09,Conference,United States,North America,Colorado,Denver,Physical
Red Hat Summit: Connect Bangko...,2025-10-09,Conference,Thailand,APAC,,Bangkok,Physical
Red Hat Summit: Connect Johann...,2025-10-09,Conference,South Africa,Africa,,Johannesburg,Physical
Red Hat Summit: Connect London...,2025-10-09,Conference,United Kingdom,EMEA,,London,Physical
Red Hat Summit: Connect Copenh...,2025-10-09,Conference,Denmark,EMEA,,Copenhagen,Physical
Red Hat Summit: Connect Madrid...,2025-10-09,Conference,Spain,EMEA,,Madrid,Physical
Red Hat Summit: Connect Orange...,2025-10-09,Conference,United States,North America,California,Orange County,Physical
AWS Summit;: Bogota 2025,2025-10-09,Conference,Colombia,EMEA,,Bogota,Physical
The Official Cybersecurity Sum...,2025-10-09,Conference,United States,North America,North Carolina,Santa Clara,Physical
CIO Institute: San Francisco 2...,2025-10-09,Conference,United States,North America,California,San Francisco,Physical
Wild West Hackin' Fest 2025,2025-10-08,Conference,United States,North America,South Dakota,Deadwood,Hybrid (both)
CyberRisk Leadership Exchange:...,2025-10-08,Conference,United States,North America,California,San Francisco,Physical
Red Hat Summit: Connect Tokyo ...,2025-10-08,Conference,Japan,APAC,,Tokyo,Physical
Red Hat Summit: Connect Ottawa...,2025-10-08,Conference,Canada,North America,,Ottawa,Physical
Les Assises 2025,2025-10-08,Conference,Monaco,EMEA,,Monaco City,Physical
Executive Partners Network: In...,2025-10-08,Conference,United Kingdom,EMEA,,London,Physical
The Official Cybersecurity Sum...,2025-10-08,Conference,United States,North America,California,Santa Clara,Physical
Executive Partners Network: Cy...,2025-10-08,Conference,United Kingdom,EMEA,,London,Physical
CyberWeeK 2024 Africa,2025-10-07,Conference,Kenya,Africa,,Nairobi,Hybrid (both)
CIO Strategy Meeting: Dallas,2025-10-07,Conference,United States,North America,Texas,Dallas,Physical
Red Hat Summit: Connect Opatij...,2025-10-07,Conference,Croatia,EMEA,,Opatija,Physical
Cyber Security For Critical Ma...,2025-10-07,Conference,United States,North America,Illinois,Chicago,Physical
UserConf Italy 2025,2025-10-07,Conference,Italy,EMEA,,Milan,Physical
c0c0n 2025,2025-10-07,Conference,India,APAC,,Cochin,Hybrid (both)
Corinium: CDAO Malaysia 2025,2025-10-07,Conference,Malaysia,APAC,,Kuala Lumpur,Physical
Cloud Foundry Day Europe 2025,2025-10-07,Conference,Germany,EMEA,,Frankfurt,Physical
Gartner CIO & IT Executive Con...,2025-10-06,Conference,United Arab Emirates,EMEA,,Dubai,Physical
The Network Group: Information...,2025-10-06,Conference,United Kingdom,EMEA,,Berkshire,Physical
HACKTIVITY 2025,2025-10-03,Conference,Hungary,EMEA,,Budapest,Hybrid (both)
Data Connectors Cybersecurity ...,2025-10-02,Conference,United States,North America,Kansas,Kansas City,Physical
Conf42: Incident Management 20...,2025-10-02,Conference,United Kingdom,EMEA,,London,Online
8.8 Computer Security Conferen...,2025-10-02,Conference,Chile,LATAM,,Santiago,Physical
Business Process Management (B...,2025-10-02,Training,Netherlands,EMEA,,Amsterdam,Hybrid (both)
SecureWorld Dallas 2025,2025-10-02,Conference,United States,North America,Texas,Dallas,Physical
Red Hat Summit: Connect Minnea...,2025-10-02,Conference,United States,North America,Minnesota,Minneapolis,Physical
DevOpsDays: Des Moines 2025,2025-10-02,Conference,United States,North America,Iowa,Des Moines,Physical
DevOpsDays: Eidhoven 2025,2025-10-02,Conference,Netherlands,EMEA,,Eidhoven,Physical
CIO NetworX: Dallas 2025,2025-10-02,Conference,United States,North America,Texas,Dallas,Physical
Global CISO Forum 2025,2025-10-01,Conference,United States,North America,Georgia,Atlanta,Physical
Hacker Halted 2025,2025-10-01,Conference,United States,North America,Georgia,Atlanta,Physical
Identity Management & Access C...,2025-10-01,Training,Netherlands,EMEA,,Amsterdam,Physical
Red Hat Summit: Connect Washin...,2025-10-01,Conference,United States,North America,District of Columbia,Washington,Physical
DTX London 2025,2025-10-01,Conference,United Kingdom,EMEA,,London,Physical
Swiss IT Forums Geneva 2025,2025-10-01,Conference,Switzerland,EMEA,,Geneva,Physical
ITOM Seminar 2025,2025-10-01,Conference,Brazil,LATAM,,Sao Paulo,Physical
The Cybersecurity Meetup – E...,2025-10-01,Conference,Canada,North America,,Toronto,Physical
Insider Threat Investigations ...,2025-10-01,Training,United States,North America,Maryland,Laurel,Hybrid (both)
HOU.SEC.CON 2025,2025-09-30,Conference,United States,North America,Texas,Houston,Physical
ISMG's Data Security Summit: S...,2025-09-30,Conference,United States,North America,Washington,Seattle,Physical
CIO Strategy Meeting: Phoenix,2025-09-30,Conference,United States,North America,Arizona,Phoenix,Physical
SecTor 2025,2025-09-30,Conference,Canada,North America,,Toronto,Physical
The Official Cybersecurity Sum...,2025-09-30,Conference,United States,North America,Ohio,Columbus,Physical
The Official Cybersecurity Sum...,2025-09-30,Conference,United States,North America,California,San Diego,Physical
The Official Cybersecurity Sum...,2025-09-30,Conference,United States,North America,New York,New York City,Online
Civo Navigate London 2025,2025-09-30,Conference,United Kingdom,EMEA,,London,Physical
Cybersecuity - Supply Chain Ri...,2025-09-29,Conference,Canada,North America,,Mississauga,Physical
Defenders Tour: Technical SecO...,2025-09-29,Training,Australia,APAC,,Sydney,Physical
The Network Group: Information...,2025-09-29,Conference,Germany,EMEA,,Frankfurt,Physical
SANS DC Metro Fall 2025,2025-09-29,Training,United States,North America,Maryland,Rockville,Hybrid (both)
MLcon New York 2025,2025-09-29,Conference,United States,North America,New York,New York,Hybrid (both)
Cyber Revolution Summit Kuwait...,2025-09-29,Conference,Kuwait,APAC,,Kuwait City,Physical
CyberWeek Africa 2025,2025-09-28,Conference,Kenya,Africa,,Nairobi,Physical
COSAC 2025,2025-09-28,Conference,Ireland,EMEA,,Kildare,Physical
BSides Kraków 2025,2025-09-27,Conference,Poland,EMEA,,Kraków,Hybrid (both)
RomHack 2025,2025-09-27,Conference,Italy,EMEA,,Rome,Physical
BSides Orlando 2025,2025-09-26,Conference,United States,North America,Florida,Orlando,Physical
FutureCon CyberSecurity Confer...,2025-09-25,Conference,United States,North America,Iowa,Des Moines,Physical
FutureIT | Vancouver 2025,2025-09-25,Conference,Canada,North America,,Vancouver,Physical
IANS: CISO Roundtable Santa Cl...,2025-09-25,Conference,United States,North America,California,Santa Clara,Physical
CyberRisk CISO Dinner: Charlot...,2025-09-25,Conference,United States,North America,North Carolina,Charlotte,Physical
CyberRisk CISO Dinner: San Ant...,2025-09-25,Conference,United States,North America,Texas,San Antonio,Physical
CyberRisk CISO Dinner: Los Ang...,2025-09-25,Conference,United States,North America,California,Los Angeles,Physical
CIOMeet 2025: Orange County,2025-09-25,Conference,United States,North America,California,Orange County,Physical
Red Hat Summit: Connect Brusse...,2025-09-25,Conference,Belgium,EMEA,,Brussels,Physical
IDC Security Summit: Denmark 2...,2025-09-25,Conference,Denmark,EMEA,,Copenhagen,Physical
HackAICon 2025,2025-09-25,Conference,Portugal,EMEA,,Lisbon,Physical
Web Security Camp mit Martina ...,2025-09-25,Webinar,,Online,,,
The Official Cybersecurity Sum...,2025-09-25,Conference,United States,North America,Pennsylvania,Philadelphia,Physical
CIO Institute: Oxford 2025,2025-09-25,Conference,United Kingdom,EMEA,,Oxford,Physical
HackAIcon 2025,2025-09-25,Conference,Portugal,EMEA,,Lisbon,Physical
Mindfluence: CISO/Executive Le...,2025-09-25,Conference,United States,North America,Wisconsin,Lake Geneva,Physical
VB2025,2025-09-24,Conference,Germany,EMEA,,Berlin,Physical
TechEx Europe 2025,2025-09-24,Conference,Netherlands,EMEA,,Amsterdam,Physical
Operation: Defend The North 20...,2025-09-24,Conference,Canada,North America,,Ottawa,Hybrid (both)
Fintech Revolution Summit Viet...,2025-09-24,Conference,Vietnam,APAC,,Ho Chi Minh City,Physical
Auto-ISAC Cybersecurity Summit...,2025-09-23,Conference,United States,North America,District of Columbia,Washington D.C.,Hybrid (both)
IAM Tech Day Europe,2025-09-23,Conference,Portugal,EMEA,,Vila Nova de Gaia,Physical
Certified Cost Technician (CCT...,2025-09-23,Training,Netherlands,EMEA,,Amsterdam,Hybrid (both)
Certified Cost Professional (C...,2025-09-23,Training,Netherlands,EMEA,,Amsterdam,Hybrid (both)
CIOMeet 2025: Tyson's Corner,2025-09-23,Conference,United States,North America,Virginia,Tysons,Physical
Shield NXG IAM and Cybersecuri...,2025-09-23,Conference,Germany,EMEA,,Berlin,Physical
Red Hat Summit: Connect Sydney...,2025-09-23,Conference,Australia,APAC,,Sydney,Physical
IDC Security Summit: Norway 20...,2025-09-23,Conference,Norway,EMEA,,Oslo,Physical
Red Hat Summit: Connect Philad...,2025-09-23,Conference,United States,North America,Pennsylvania,Philadelphia,Physical
IDC CIO Summit: Spain 2025,2025-09-23,Conference,Spain,EMEA,,Madrid,Physical
Shield NXG IAM and Cybersecuri...,2025-09-23,Conference,Germany,EMEA,,Berlin,Physical
JuiceIT Hobart 2025,2025-09-23,Conference,Australia,APAC,,Hobart,Physical
Secure AI 2025,2025-09-23,Conference,Sweden,EMEA,,Stockholm,Physical
National Cyber Summit,2025-09-23,Conference,United States,North America,Alabama,Huntsville,Physical
ECSO CISO Meetup 2025,2025-09-23,Conference,Spain,EMEA,,Valencia,Physical
OWASP AppSec Days France 2025,2025-09-23,Conference,France,EMEA,,Paris,Physical
BSides Edmonton 2025,2025-09-22,Conference,Canada,North America,,Edmonton,Physical
NDC Security: TechTown 2025,2025-09-22,Conference,Norway,EMEA,,Kongsberg,Physical
Gartner Security & Risk Manage...,2025-09-22,Conference,United Kingdom,EMEA,,London,Physical
Gartner Security & Risk Manage...,2025-09-22,Conference,United Kingdom,EMEA,,London,Physical
Auto-ISAC Cybersecurity Summit...,2025-09-22,Conference,United States,North America,District of Columbia,"Washington, D.C.",Hybrid (both)
KI .NET Camp I September 2025,2025-09-22,Webinar,,Online,,,
BalCCon2k25: Balkan Computer C...,2025-09-19,Conference,Serbia,EMEA,,Novi Sad,Physical
Balkan Computer Congress - Bal...,2025-09-19,Conference,Serbia,EMEA,,Novi Sad,Physical
The Official Cybersecurity Sum...,2025-09-19,Conference,United States,North America,Georgia,Atlanta,Physical
ERTL-YANG Leader Summit 2025: ...,2025-09-18,Conference,Italy,EMEA,,Milan,Physical
Conf42: MLOps 2025,2025-09-18,Conference,United Kingdom,EMEA,,London,Online
CyberRisk CISO Dinner: Phoenix...,2025-09-18,Conference,United States,North America,Arizona,Phoenix,Physical
CISO Middle East Summit 2025,2025-09-18,Conference,United Arab Emirates,EMEA,,Dubai,Physical
IT Security Camp September 202...,2025-09-18,Webinar,,Online,,,
CIOMeet 2025: Philadelphia,2025-09-18,Conference,United States,North America,Pennsylvania,Philadelphia,Physical
entwickler Summit,2025-09-18,Conference,Germany,EMEA,,Berlin,Physical
IDC Security Summit: Sweden 20...,2025-09-18,Conference,Sweden,EMEA,,Stockholm,Physical
Red Hat Summit: Connect Bellev...,2025-09-18,Conference,United States,North America,Washington,Bellevue,Physical
UserConf Las Vegas 2025,2025-09-18,Conference,United States,North America,Nevada,Las Vegas,Physical
ITCon Switzerland 2025,2025-09-18,Conference,Switzerland,EMEA,,Lausanne,Physical
Full-Stack Observability Works...,2025-09-18,Conference,United Arab Emirates,EMEA,,Abu Dhabi,Physical
CIO NetworX: New York 2025,2025-09-18,Conference,United States,North America,New York,New York City,Physical
INTERFACE Salt Lake City 2025,2025-09-18,Conference,United States,North America,Utah,Salt Lake City,Physical
iSMG Healthcare Cybersecurity ...,2025-09-18,Conference,United States,North America,New York,New York City,Physical
Pulse Conferences: CISO 360 La...,2025-09-17,Conference,Mexico,LATAM,,Mexico City,Physical
CISO Middle East Summit 2025,2025-09-17,Conference,United Arab Emirates,EMEA,,Dubai,Physical
KazHackStan 2025,2025-09-17,Conference,Kazakhstan,EMEA,,Almaty,Physical
ElevateIT: Houston Technology ...,2025-09-17,Conference,United States,North America,Texas,Houston,Physical
CyberRisk CISO Dinner: Seattle...,2025-09-17,Conference,United States,North America,Washington,Seattle,Physical
SecureWorld St. Louis 2025,2025-09-17,Conference,United States,North America,Missouri,St. Louis,Physical
Defenders Tour: Technical SecO...,2025-09-17,Training,United States,North America,Washington,Seattle,Physical
AWS Summit;: Los Angeles 2025,2025-09-17,Conference,United States,North America,California,Los Angeles,Physical
IDC Security Summit: Australia...,2025-09-17,Conference,Australia,APAC,,Sydney,Physical
National Insider Risk Symposiu...,2025-09-17,Conference,United States,North America,District of Columbia,"Washington, DC",Physical
FranSec Cyber Summit 2025,2025-09-16,Conference,France,EMEA,,Paris,Physical
Healthcare Innovation Summit: ...,2025-09-16,Conference,United States,North America,Tennessee,Nashville,Physical
CyberRisk CISO Dinner: Denver ...,2025-09-16,Conference,United States,North America,Colorado,Denver,Physical
CIO Strategy Meeting: Los Ange...,2025-09-16,Conference,United States,North America,California,Los Angeles,Physical
Red Hat Summit: Connect Dallas...,2025-09-16,Conference,United States,North America,Texas,Dallas,Physical
IDC Security Summit: Finland 2...,2025-09-16,Conference,Finland,EMEA,,Helsinki,Physical
Cyber Security for Critical As...,2025-09-16,Conference,United Kingdom,EMEA,,London,Physical
Full-Stack Observability Works...,2025-09-16,Conference,United Arab Emirates,EMEA,,Dubai,Physical
SITS: The Service Desk & IT Su...,2025-09-16,Conference,Netherlands,EMEA,,Utrecht,Physical
MSP Show Netherlands 2025,2025-09-16,Conference,Netherlands,EMEA,,Utrecht,Physical
JuiceIT Melbourne 2025,2025-09-16,Conference,Australia,APAC,,Melbourne,Physical
CyberCon Singapore 2025,2025-09-16,Conference,Singapore,APAC,,Singapore (City),Physical
PCI SSC North America Communit...,2025-09-16,Conference,United States,North America,Texas,Fort Worth,Hybrid (both)
Digital Revolution Summit 2025,2025-09-16,Conference,Bahrain,EMEA,,Manama,Physical
CISSP certification training,2025-09-15,Training,Netherlands,EMEA,,Amsterdam,Hybrid (both)
CrowdTour Las Vegas 2025,2025-09-15,Conference,United States,North America,Nevada,Las Vegas,Physical
Insider Risk Management Progra...,2025-09-15,Training,United States,North America,Florida,NASA Kennedy Space Center Florida,Physical
IMF Academy: Cost Estimating F...,2025-09-15,Training,Netherlands,EMEA,,Hague,Hybrid (both)
DevOpsDays: Cairo 2025,2025-09-15,Conference,Egypt,Africa,,Cairo,Physical
Money20/20 Middle East 2025,2025-09-15,Conference,Saudi Arabia,EMEA,,Riyadh,Physical
Insider Risk Management Progra...,2025-09-15,Training,United States,North America,Florida,NASA Kennedy Space Center,Physical
SANS Raleigh 2025,2025-09-15,Training,United States,North America,North Carolina,Raleigh,Hybrid (Both)
OWASP AppSec Days Singapore 20...,2025-09-13,Conference,Singapore,APAC,,Singapore,Physical
CISO Engage: Offsite & Dynamic...,2025-09-12,Conference,India,APAC,,Assam,Physical
Security BSides Ahmedabad,2025-09-12,Conference,India,APAC,,Ahmedabad,Physical
BSidesCache 2025,2025-09-12,Conference,United States,North America,Utah,Logan,Physical
IDC Security Summit: Thailand ...,2025-09-12,Conference,Thailand,APAC,,Bangkok,Physical
FutureCon CyberSecurity Confer...,2025-09-11,Conference,United States,North America,Wisconsin,Milwaukee,Physical
Web 3.0 and AI,2025-09-11,Conference,Germany,EMEA,,Frankfurt,Physical
ISMG's Cybersecurity Summit: L...,2025-09-11,Conference,United Kingdom,EMEA,,London,Physical
ERTL-YANG Leader Summit 2025: ...,2025-09-11,Conference,Spain,EMEA,,Madrid,Physical
Data Connectors Cybersecurity ...,2025-09-11,Conference,United States,North America,Ohio,Columbus,Physical
Netskope SASE Summit: Monterre...,2025-09-11,Conference,Mexico,LATAM,,Monterrey,Physical
SecureWorld Detroit 2025,2025-09-11,Conference,United States,North America,Michigan,Detroit,Physical
Kaseya+Datto Connect Local 202...,2025-09-11,Conference,United States,North America,Florida,Tampa,Physical
Web 3.0 & Artificial Intellige...,2025-09-11,Conference,Germany,EMEA,,Frankfurt,Physical
Chief AI Officer Summit: Berli...,2025-09-11,Conference,Germany,EMEA,,Berlin,Physical
Generative AI Summit: Berlin 2...,2025-09-11,Conference,Germany,EMEA,,Berlin,Physical
Shield NXG IAM and Cybersecuri...,2025-09-11,Conference,New Zealand,EMEA,,Auckland,Physical
AWS Summit;: Zurich 2025,2025-09-11,Conference,Switzerland,EMEA,,Zurich,Physical
Executive Partners Network: In...,2025-09-11,Conference,Germany,EMEA,,Frankfurt,Physical
Executive Partners Network: Cy...,2025-09-11,Conference,Germany,EMEA,,Frankfurt,Physical
GoSec 2025,2025-09-10,Conference,Canada,North America,,Montréal,Physical
Digital Transformation Summit:...,2025-09-10,Conference,Qatar,EMEA,,Doha,Physical
Fueling AI with the Right Data...,2025-09-10,Webinar,,Online,,,
CyberRisk Leadership Exchange:...,2025-09-10,Conference,United States,North America,Oregon,Portland,Physical
GoSec 2025,2025-09-10,Conference,Canada,North America,,Montreal,Hybrid (both)
Nordic Cyber Summit 2025,2025-09-10,Conference,Denmark,EMEA,,Copenhagen,Physical
DevOpsDays: Vilnius 2025,2025-09-10,Conference,Lithuania,EMEA,,Vilnius,Physical
Service Desk Success Summit: U...,2025-09-10,Webinar,,Online,,,
Corinium: CDAO Melbourne 2025,2025-09-10,Conference,Australia,APAC,,Melbourne,Physical
The Official Cybersecurity Sum...,2025-09-10,Conference,United States,North America,Illinois,Chicago,Physical
Netskope SASE Summit: Mexico C...,2025-09-09,Conference,Mexico,LATAM,,Mexico City,Physical
CyberRisk CISO Dinner: Atlanta...,2025-09-09,Conference,United States,North America,Georgia,Atlanta,Physical
16th Annual Billington CyberSe...,2025-09-09,Conference,United States,North America,District of Columbia,Washington,Physical
CIOMeet 2025: Chicago,2025-09-09,Conference,United States,North America,Illinois,Chicago,Physical
Kaseya+Datto Connect Local 202...,2025-09-09,Conference,United States,North America,Georgia,Atlanta,Physical
Transformational CISO Assembly...,2025-09-09,Conference,United States,North America,Texas,Houston,Physical
SpecterOps EU 2025 Trainings,2025-09-09,Training,Netherlands,EMEA,,Amsterdam,Hybrid (both)
The Official Cybersecurity Sum...,2025-09-09,Conference,United States,North America,Minnesota,Minneapolis,Physical
SANS Stay Sharp: Sept 2025,2025-09-08,Training,United States,North America,Maryland,North Bethesda,Online
Gartner IT Symposium/Xpo: Gold...,2025-09-08,Conference,Australia,APAC,,Gold Coast,Physical
Municipal Information Systems ...,2025-09-08,Conference,Canada,North America,,Victoria,Physical
Arab Security Conference 2025,2025-09-07,Conference,Egypt,Africa,,Cairo,Physical
Oil & Gas Technology Summit (O...,2025-09-07,Conference,Saudi Arabia,APAC,,Al Khobar,Physical
International Conference on Ar...,2025-09-06,Conference,United States,North America,Michigan,Mount Pleasant,Physical
Netskope SASE Summit: Johannes...,2025-09-05,Conference,South Africa,Africa,,Johannesburg,Physical
OrangeCon Amsterdam,2025-09-05,Conference,Netherlands,EMEA,,Amsterdam,Physical
OrangeCon 2025,2025-09-05,Conference,Netherlands,EMEA,,Amsterdam,Physical
DevOpsDays: Santiago 2025,2025-09-05,Conference,Chile,EMEA,,Santiago,Physical
FutureCon CyberSecurity Confer...,2025-09-04,Conference,United States,North America,North Carolina,Charlotte,Physical
NULLCON Berlin 2025,2025-09-04,Conference,Germany,EMEA,,Berlin,Physical
ERTL-YANG Leader Summit 2025: ...,2025-09-04,Conference,France,EMEA,,Paris,Physical
Conf42: Platform Engineering 2...,2025-09-04,Conference,United Kingdom,EMEA,,London,Online
CIOMeet 2025: Mexico City,2025-09-04,Conference,Mexico,LATAM,,Mexico City,Physical
HMG Strategy: Annual Florida C...,2025-09-04,Conference,United States,North America,Florida,Kissimmee,Physical
Blue Team Con 2025,2025-09-04,Conference,United States,North America,Illinois,Chicago,Physical
Cyberhagen 2025,2025-09-04,Conference,Denmark,EMEA,,Copenhagen,Hybrid (both)
Security Cleared Expo Cheltenh...,2025-09-04,Conference,United Kingdom,EMEA,,Cheltenham,Physical
Cloud Identity Summit 2025,2025-09-04,Conference,Germany,EMEA,,Dortmund,Physical
Data Science Connect (DSC) ALI...,2025-09-04,Conference,United States,North America,Massachusetts,Boston,Physical
CyBe Cyber.AI Summit 2025,2025-09-04,Conference,India,APAC,,Bengaluru,Physical
Kaseya+Datto Connect Local 202...,2025-09-04,Conference,Australia,APAC,,Adelaide,Physical
Shield NXG IAM and Cybersecuri...,2025-09-04,Conference,Switzerland,EMEA,,Zurich,Physical
Transform Finance: FinCrime & ...,2025-09-04,Conference,Germany,EMEA,,Frankfurt,Physical
AWS Summit;: Toronto 2025,2025-09-04,Conference,Canada,North America,,Toronto,Physical
CIO Meet: India 2025,2025-09-04,Conference,India,APAC,,Chennai,Physical
Blue Team Con 2025,2025-09-04,Conference,United States,North America,Illinois,Chicago,Physical
ISSA-Chicago starring Ed Skoud...,2025-09-04,Conference,United States,North America,Illinois,"Rosemont, IL",Physical
Netskope SASE Summit: Cape Tow...,2025-09-03,Conference,South Africa,Africa,,Cape Town,Physical
API World 2025,2025-09-03,Conference,United States,North America,California,Santa Clara,Hybrid (both)
CloudX 2025,2025-09-03,Conference,United States,North America,California,Santa Clara,Hybrid (both)
RIOT Summit 2025,2025-09-03,Conference,Germany,EMEA,,Dresden,Hybrid (both)
Government Cyber Security Show...,2025-09-03,Conference,Australia,APAC,,Brisbane,Physical
Secure Iowa Conference 2025,2025-09-03,Conference,United States,North America,Iowa,Altoona,Physical
AI For Defense Summit 2025,2025-09-03,Conference,United States,North America,Maryland,National Harbor,Physical
seL4 Summit 2025,2025-09-03,Conference,Czech Republic,EMEA,,Prague,Physical
DeveloperWeek CloudX In Person...,2025-09-03,Conference,United States,North America,California,Santa Clara,Physical
Microservices World In-Person ...,2025-09-03,Conference,United States,North America,California,Los Angeles,Online
UEMS Seminar 2025,2025-09-03,Conference,Brazil,LATAM,,Sao Paulo,Physical
INFOSEK 2025,2025-09-03,Conference,Slovenia,EMEA,,Nova Gorica,Hybrid (both)
Indonesia Technology & Innovat...,2025-09-02,Conference,Indonesia,APAC,,Jakarta,Physical
INTI Cybersecurity 2025,2025-09-02,Conference,Indonesia,APAC,,Jakarta,Physical
OWASP New Zealand Day 2025,2025-09-02,Conference,New Zealand,EMEA,,Auckland,Hybrid (Both)
ISC Brasil 2025,2025-09-02,Conference,Brazil,LATAM,,Sao Paulo,Physical
Government Innovation Week: Qu...,2025-09-02,Conference,Australia,APAC,,Brisbane,Physical
ITU Regional Asia-Pacific Cybe...,2025-09-02,Conference,Mongolia,APAC,,Ulaanbaatar,Physical
Women in Security Awards 2025,2025-09-02,Conference,Australia,APAC,,Sydney,Physical
ISC2 SECURE Japan 2025,2025-09-02,Conference,Japan,APAC,,Tokyo,Physical
IDC IT Strategy & Cybersecurit...,2025-09-02,Conference,Switzerland,EMEA,,Zurich,Physical
Certified Cloud Security Profe...,2025-09-01,Training,Netherlands,EMEA,,Amsterdam,Hybrid (both)
World CX Summit & Awards 2025,2025-09-01,Conference,India,APAC,,Bengaluru,Physical
GOVIS Conference 2025,2025-09-01,Conference,New Zealand,EMEA,,Wellington,Hybrid (both)
The International Conference o...,2025-09-01,Conference,Bulgaria,EMEA,,Varna,Physical
The International Conference o...,2025-09-01,Conference,Bulgaria,EMEA,,Varna,Physical
BarbHack 2025,2025-08-30,Conference,France,EMEA,,Toulon,Physical
Realms of Cyber Conference (RO...,2025-08-28,Conference,Australia,APAC,,Brisbane,Physical
Denver Federal Center Cyber Su...,2025-08-28,Conference,United States,North America,Colorado,Denver,Physical
HMG Strategy: Annual St. Louis...,2025-08-28,Conference,United States,North America,Missouri,St. Louis,Physical
Intelligent Systems Conference...,2025-08-28,Conference,Netherlands,EMEA,,Amsterdam,Physical
Linux Security Summit (LSS) Eu...,2025-08-28,Conference,Netherlands,EMEA,,Amsterdam,Physical
Securing Vibe Coding,2025-08-28,Webinar,,Online,,,
Swing Secure: A Custom Fitting...,2025-08-28,Conference,United States,North America,Massachusetts,Boston,Physical
Shield NXG IAM and Cybersecuri...,2025-08-28,Conference,Australia,APAC,,Adelaide,Physical
Kaseya+Datto Connect Local 202...,2025-08-28,Conference,Australia,APAC,,Brisbane,Physical
Generative AI Summit: Los Ange...,2025-08-28,Conference,United States,North America,California,Los Angeles,Physical
SecureWorld: Critical Infrastr...,2025-08-28,Conference,United States,North America,Oregon,Portland,Online
BSides Frankfurt 2025,2025-08-28,Conference,Germany,EMEA,,Frankfurt am Main,Physical
Linux Security Summit (LSS) Eu...,2025-08-28,Conference,Netherlands,EMEA,,Amsterdam,Physical
AI_dev: Open Source GenAI & ML...,2025-08-28,Conference,Netherlands,EMEA,,Amsterdam,Physical
INTERFACE Boise 2025,2025-08-28,Conference,United States,North America,Idaho,Boise,Physical
CIO Tomorrow 2025,2025-08-27,Conference,United States,North America,Ohio,Columbus,Physical
Florida Technology Council's G...,2025-08-27,Conference,United States,North America,Florida,Tallahassee,Physical
Florida Government Cybersecuri...,2025-08-27,Conference,United States,North America,Florida,Tallahassee,Physical
Tanium: Converge World Tour Se...,2025-08-27,Conference,South Korea,APAC,,Seoul,Physical
CyberRisk CISO Dinner: Boston ...,2025-08-27,Conference,United States,North America,Massachusetts,Boston,Physical
Red Hat Summit: Connect New Yo...,2025-08-27,Conference,United States,North America,New York,New York City,Physical
ThaiCyberX 2025,2025-08-27,Conference,Thailand,APAC,,Bangkok,Physical
